{
  "mn": 0.592,
  "mn:std": 0.4914631217090454,
  "group_non_latin": 0.592,
  "group_non_latin:std": 0.4914631217090454,
  "score:std": 0.4914631217090454,
  "score": 0.592
}