{
  "mn": 0.14,
  "mn:std": 0.34698703145794946,
  "group_non_latin": 0.14,
  "group_non_latin:std": 0.34698703145794946,
  "score:std": 0.34698703145794946,
  "score": 0.14
}