{
  "mn": 0.048,
  "mn:std": 0.21376622745419818,
  "group_non_latin": 0.048,
  "group_non_latin:std": 0.21376622745419818,
  "score:std": 0.21376622745419818,
  "score": 0.048
}