{
  "mn": 0.34,
  "mn:std": 0.4737087712930804,
  "group_non_latin": 0.34,
  "group_non_latin:std": 0.4737087712930804,
  "score:std": 0.4737087712930804,
  "score": 0.34
}