{
  "mn": 0.824,
  "mn:std": 0.380820167533181,
  "group_non_latin": 0.824,
  "group_non_latin:std": 0.380820167533181,
  "score:std": 0.380820167533181,
  "score": 0.824
}