{
  "mn": 0.68,
  "mn:std": 0.466476151587624,
  "group_non_latin": 0.68,
  "group_non_latin:std": 0.466476151587624,
  "score:std": 0.466476151587624,
  "score": 0.68
}