{
  "mn": 0.04,
  "mn:std": 0.19595917942265426,
  "group_non_latin": 0.04,
  "group_non_latin:std": 0.19595917942265426,
  "score:std": 0.19595917942265426,
  "score": 0.04
}