{
  "bn": 0.0,
  "bn:std": 0.0,
  "group_non_latin": 0.7142857142857143,
  "group_non_latin:std": 0.45175395145262565,
  "score:std": 0.4061164310337068,
  "de": 1.0,
  "de:std": 0.0,
  "group_latin": 0.9,
  "group_latin:std": 0.30000000000000004,
  "en": 0.5,
  "en:std": 0.5,
  "es": 1.0,
  "es:std": 0.0,
  "fr": 1.0,
  "fr:std": 0.0,
  "ja": 1.0,
  "ja:std": 0.0,
  "ru": 1.0,
  "ru:std": 0.0,
  "sw": 1.0,
  "sw:std": 0.0,
  "te": 0.5,
  "te:std": 0.5,
  "th": 1.0,
  "th:std": 0.0,
  "zh": 1.0,
  "zh:std": 0.0,
  "mn": 0.5,
  "mn:std": 0.5,
  "score": 0.7916666666666666
}