{
  "mn": 0.744,
  "mn:std": 0.4364218143035474,
  "group_non_latin": 0.744,
  "group_non_latin:std": 0.4364218143035474,
  "score:std": 0.4364218143035474,
  "score": 0.744
}