{
  "mn": 0.464,
  "mn:std": 0.4987023160162784,
  "group_non_latin": 0.464,
  "group_non_latin:std": 0.4987023160162784,
  "score:std": 0.4987023160162784,
  "score": 0.464
}