{
  "mn": 0.412,
  "mn:std": 0.4921950832749145,
  "group_non_latin": 0.412,
  "group_non_latin:std": 0.4921950832749145,
  "score:std": 0.4921950832749145,
  "score": 0.412
}