{
  "mongolian": 0.4019607843137255,
  "mongolian:std": 0.4902941078450976,
  "score:std": 0.49948838752921315,
  "stem": 0.6666666666666666,
  "stem:std": 0.4714045207910316,
  "social-sciences": 0.627906976744186,
  "social-sciences:std": 0.48336301606573323,
  "score": 0.5226130653266332
}