{
  "mongolian": 0.23404255319148937,
  "mongolian:std": 0.42339890940707225,
  "score:std": 0.42339890940707225,
  "score": 0.23404255319148937
}