{
  "mongolian": 0.24509803921568626,
  "mongolian:std": 0.43014531310745696,
  "score:std": 0.4567062419096186,
  "stem": 0.4074074074074074,
  "stem:std": 0.4913518207933925,
  "social-sciences": 0.27906976744186046,
  "social-sciences:std": 0.4485418958601374,
  "score": 0.2964824120603015
}