{
  "mongolian": 0.3333333333333333,
  "mongolian:std": 0.4714045207910317,
  "score:std": 0.49603870067349004,
  "stem": 0.5925925925925926,
  "stem:std": 0.49135182079339257,
  "social-sciences": 0.4883720930232558,
  "social-sciences:std": 0.499864773493132,
  "score": 0.4371859296482412
}