{
  "mongolian": 0.4019607843137255,
  "mongolian:std": 0.4902941078450976,
  "score:std": 0.49948838752921315,
  "stem": 0.5925925925925926,
  "stem:std": 0.49135182079339257,
  "social-sciences": 0.7209302325581395,
  "social-sciences:std": 0.44854189586013743,
  "score": 0.5226130653266332
}