{
  "mongolian": 0.12745098039215685,
  "mongolian:std": 0.3334774774842147,
  "score:std": 0.380717526128157,
  "stem": 0.2037037037037037,
  "stem:std": 0.4027511698320657,
  "social-sciences": 0.2558139534883721,
  "social-sciences:std": 0.4363177450998539,
  "score": 0.17587939698492464
}