{
  "mongolian": 0.2553191489361702,
  "mongolian:std": 0.43604045812594033,
  "score:std": 0.43604045812594033,
  "score": 0.2553191489361702
}