{
  "mongolian": 0.4,
  "mongolian:std": 0.48989794855663565,
  "score:std": 0.48989794855663565,
  "score": 0.4
}