{
  "mongolian": 0.2127659574468085,
  "mongolian:std": 0.40926349067385853,
  "score:std": 0.40926349067385853,
  "score": 0.2127659574468085
}