{
  "mongolian": 0.30392156862745096,
  "mongolian:std": 0.459949180617251,
  "score:std": 0.46709346888933667,
  "stem": 0.3333333333333333,
  "stem:std": 0.47140452079103173,
  "social-sciences": 0.3488372093023256,
  "social-sciences:std": 0.47660236120742316,
  "score": 0.32160804020100503
}