{
  "mongolian": 0.16666666666666666,
  "mongolian:std": 0.372677996249965,
  "score:std": 0.4080575286565184,
  "stem": 0.24074074074074073,
  "stem:std": 0.4275331992820443,
  "social-sciences": 0.27906976744186046,
  "social-sciences:std": 0.44854189586013743,
  "score": 0.21105527638190955
}