{
  "mongolian": 0.1,
  "mongolian:std": 0.30000000000000004,
  "score:std": 0.30000000000000004,
  "score": 0.1
}