{
  "mongolian": 0.3829787234042553,
  "mongolian:std": 0.4861131769700368,
  "score:std": 0.4861131769700368,
  "score": 0.3829787234042553
}