{
  "mongolian": 0.16666666666666666,
  "mongolian:std": 0.372677996249965,
  "score:std": 0.4115697533556436,
  "stem": 0.2222222222222222,
  "stem:std": 0.41573970964154905,
  "social-sciences": 0.32558139534883723,
  "social-sciences:std": 0.46859166696767174,
  "score": 0.21608040201005024
}