{
  "mongolian": 0.3,
  "mongolian:std": 0.45825756949558394,
  "score:std": 0.45825756949558394,
  "score": 0.3
}